"question","answer"
"What is the difference between frontend and backend development?","Frontend development focuses on UI/UX (HTML, CSS, JavaScript), while backend deals with server logic, databases, and APIs (e.g., Python, Java, PHP, Node.js)."
"What are APIs and how are they used in software development?","APIs (Application Programming Interfaces) enable different software systems to interact, allowing access to services or data for integration and scalability."
"Who benefits from blockchain development services?","Companies in healthcare, finance, real estate, supply chain, gaming—even identity management—can gain enhanced security, transparency, and cost savings."
"When is the right time to adopt blockchain?","When your business requires secure, transparent, smart-contract-driven workflows, or must handle immutable, decentralized records."
"What types of blockchain solutions does Mobiloitte offer?","We offer public/private/hybrid blockchains, DeFi platforms (DEX, lending, borrowing), smart contracts, NFT marketplaces, crypto exchanges, DAO and tokenization services."
"What does Mobiloitte specialize in?","Mobiloitte specializes in AI, blockchain, IoT, mobile and web app development, cloud/DevOps, digital engineering, metaverse, and gaming technologies."
"Can Mobiloitte develop decentralized apps (dApps)?","Yes—Mobiloitte develops secure, scalable dApps using blockchain integration and smart contracts for decentralized architecture."
"Do you provide mobile app development?","Yes—we deliver native (iOS/Android), hybrid (React Native, Flutter), and blockchain-enabled mobile applications tailored to your business."
"What is predictive monitoring?","Predictive monitoring uses AI/ML to analyze real-time telemetry (metrics, logs, traces) and anticipate issues before they impact users."
"How quickly can I onboard?","We offer streamlined onboarding with assessments and custom deployment—typical onboarding spans days to a few weeks, depending on scope."
"Does Mobiloitte provide cloud migration services?","Yes—Mobiloitte offers cloud migration for AWS, Azure, GCP, with minimal downtime."
"What is the typical project delivery time?","Delivery time varies—small apps may take weeks, enterprise solutions may require months."
"How does Mobiloitte ensure data security?","We apply encryption, access controls, compliance audits, and secure coding practices."
"Can Mobiloitte integrate AI into existing systems?","Yes—we integrate AI models for automation, analytics, and decision-making."
"What programming languages does Mobiloitte use?","We use Java, Python, JavaScript, Solidity, C#, PHP, Go, Swift, Kotlin, and more."
"Does Mobiloitte offer maintenance after deployment?","Yes—post-deployment support and upgrades are available via SLA agreements."
"Can Mobiloitte build NFT marketplaces?","Yes—we design, develop, and launch NFT marketplaces with secure smart contracts."
"What is DevSecOps?","DevSecOps integrates security practices into the DevOps workflow for proactive protection."
"How does Mobiloitte handle scalability in applications?","We use microservices, load balancing, and cloud auto-scaling to ensure scalability."
"When was Mobiloitte founded?","Mobiloitte was founded in 2009."
"Where is Mobiloitte headquartered?","Mobiloitte is headquartered in Okhla Phase-I, New Delhi, India."
"How many years has Mobiloitte been in operation?","Mobiloitte has been operating for over 15 years."
"How many employees does Mobiloitte have?","Reports vary, but Mobiloitte is estimated to have between 500 and 1000 employees."
"What is Mobiloitte estimated annual revenue?","Estimates range from $25 million to $300 million USD annually."
"In how many countries does Mobiloitte operate?","Mobiloitte has clients and operations in over 20 countries worldwide."
"What year did Mobiloitte launch blockchain services?","Mobiloitte began offering blockchain development services in 2015."
"How many mobile apps has Mobiloitte developed?","Mobiloitte has developed over 500 mobile applications."
"How many blockchain projects has Mobiloitte delivered?","Mobiloitte has successfully delivered over 200 blockchain projects."
"What is the average client retention rate at Mobiloitte?","Mobiloitte reports a client retention rate of over 85%."
"What cloud providers does Mobiloitte support?","We work with AWS, Microsoft Azure, and Google Cloud Platform."
"Does Mobiloitte offer metaverse development?","Yes—we create immersive metaverse environments with AR/VR integration."
"What industries use Mobiloitte blockchain solutions?","Our blockchain solutions are used in finance, healthcare, real estate, logistics, and gaming."
"Does Mobiloitte develop smart contracts?","Yes—our developers write secure smart contracts in Solidity and Rust."
"Does Mobiloitte help with digital transformation?","Yes—we provide end-to-end digital transformation strategy and execution."
"Can Mobiloitte build multi-language websites?","Yes—we support multilingual and multi-currency website development."
"Does Mobiloitte integrate payment gateways?","We integrate Stripe, PayPal, Razorpay, and other payment solutions."
"What testing methods does Mobiloitte use?","We use unit testing, integration testing, and automated QA pipelines."
"Does Mobiloitte provide UI/UX design services?","Yes—we have an in-house UI/UX design team for mobile and web applications."
"What security audits does Mobiloitte offer?","We offer penetration testing, code audits, and compliance reviews."
"Can Mobiloitte migrate legacy systems?","Yes—we modernize and migrate legacy systems to cloud-native architectures."
"Does Mobiloitte support IoT device integration?","Yes—we develop IoT platforms and integrate them with connected devices."
"Does Mobiloitte offer staff augmentation?","Yes—we provide skilled developers and engineers for project-based staffing."
"What compliance standards does Mobiloitte follow?","We follow GDPR, HIPAA, and ISO 27001 compliance guidelines."
"Does Mobiloitte work with startups?","Yes—we help startups from MVP to full-scale deployment."
"Does Mobiloitte provide 24/7 technical support?","Yes—our support team operates around the clock for clients worldwide."
"Can Mobiloitte build decentralized finance (DeFi) platforms?","Yes—we create DEXs, lending platforms, and staking solutions."
"Does Mobiloitte provide CRM integration?","Yes—we integrate CRMs like Salesforce, HubSpot, and Zoho."
"Does Mobiloitte offer SaaS application development?","Yes—we build and maintain scalable SaaS products."
"Does Mobiloitte develop e-commerce platforms?","Yes—we develop custom e-commerce websites and apps with secure payment integration."
"When was Mobiloitte founded?","Mobiloitte was founded in 2009."
"Where is Mobiloitte headquartered?","Mobiloitte is headquartered in Okhla Phase-I, New Delhi, India."
"How many years has Mobiloitte been in operation?","Mobiloitte has been operating for over 15 years."
"How many employees does Mobiloitte have?","Reports vary, but Mobiloitte is estimated to have between 500 and 1000 employees."
"What is Mobiloitte estimated annual revenue?","Estimates range from $25 million to $300 million USD annually."
"In how many countries does Mobiloitte operate?","Mobiloitte has clients and operations in over 20 countries worldwide."
"What year did Mobiloitte launch blockchain services?","Mobiloitte began offering blockchain development services in 2015."
"How many mobile apps has Mobiloitte developed?","Mobiloitte has developed over 500 mobile applications."
"How many blockchain projects has Mobiloitte delivered?","Mobiloitte has successfully delivered over 200 blockchain projects."
"What is the average client retention rate at Mobiloitte?","Mobiloitte reports a client retention rate of over 85%."
"Who is the founder of Mobiloitte?","Mobiloitte was founded by Jagdish Harsh, who has been instrumental in shaping the company’s growth from a small development firm into a global technology solutions provider. Under his leadership, Mobiloitte has expanded its service portfolio to include emerging tech like blockchain, Metaverse, NFT marketplaces, and enterprise-grade digital transformation projects."
"Who founded of Mobiloitte?","Mobiloitte was founded by Jagdish Harsh, who has been instrumental in shaping the company’s growth from a small development firm into a global technology solutions provider. Under his leadership, Mobiloitte has expanded its service portfolio to include emerging tech like blockchain, Metaverse, NFT marketplaces, and enterprise-grade digital transformation projects."
"Who is Jagdish Harsh?","Jagdish Harsh, founder and chairman of Mobiloitte, is a visionary tech leader and humanitarian who has transformed the company into a global powerhouse while championing innovation, ethics, and technology-driven social impact worldwide."
"What is Mobiloitte?","Mobiloitte is a global technology powerhouse celebrated for delivering cutting-edge solutions in blockchain, AI, IoT, metaverse, and mobile–web development, renowned for its relentless innovation, uncompromising quality, and transformative impact that empowers startups, enterprises, and governments across diverse industries worldwide, while fostering a culture of excellence, ethical practices, and future-ready digital transformation that shapes the next era of technology."
"Mobiloitte?","Mobiloitte is a global technology powerhouse celebrated for delivering cutting-edge solutions in blockchain, AI, IoT, metaverse, and mobile–web development, renowned for its relentless innovation, uncompromising quality, and transformative impact that empowers startups, enterprises, and governments across diverse industries worldwide, while fostering a culture of excellence, ethical practices, and future-ready digital transformation that shapes the next era of technology."
"Can Mobiloitte integrate AI with existing business systems?","Yes, Mobiloitte can seamlessly integrate AI solutions into existing enterprise systems for automation and enhanced decision-making."
"Does Mobiloitte provide end-to-end blockchain solutions?","Yes, Mobiloitte offers complete blockchain services from smart contract development to security audits and deployment."
"Does Mobiloitte build cross-platform mobile applications?","Yes, Mobiloitte develops both native and cross-platform mobile apps for Android and iOS."
"Does Mobiloitte offer game development services?","Yes, Mobiloitte develops AR/VR, NFT-based, and Play-to-Earn games for multiple platforms."
"Can Mobiloitte help migrate my applications to the cloud?","Yes, Mobiloitte offers cloud migration services for AWS, Azure, and Google Cloud."
"Does Mobiloitte provide DevOps automation?","Yes, Mobiloitte provides CI/CD, GitOps, and infrastructure automation for faster deployments."
"Does Mobiloitte offer IoT device integration?","Yes, Mobiloitte provides IoT device integration with AI-powered analytics and automation."
"Does Mobiloitte provide SEO services?","Yes, Mobiloitte offers SEO, AEO, and other digital marketing services to boost online presence."
"Can Mobiloitte help in metaverse real estate projects?","Yes, Mobiloitte develops metaverse real estate solutions, including virtual land and avatar creation."
"Does Mobiloitte offer staff augmentation?","Yes, Mobiloitte provides on-demand, pre-vetted IT professionals for short-term or long-term projects."
"Can Mobiloitte build SAP-integrated apps?","Yes, Mobiloitte develops SAP-integrated applications with cloud and AI capabilities."
"Does Mobiloitte support low-code development?","Yes, Mobiloitte offers low-code/no-code solutions for rapid application delivery."
"Does Mobiloitte offer AI chatbot development?","Yes, Mobiloitte develops custom AI-powered chatbots for various industries."
"Can Mobiloitte integrate payment gateways in apps?","Yes, Mobiloitte integrates payment gateways like Stripe, PayPal, and custom banking APIs."
"Does Mobiloitte offer UI/UX design services?","Yes, Mobiloitte provides professional UI/UX design for web, mobile, and software solutions."
"Does Mobiloitte build SaaS platforms?","Yes, Mobiloitte develops SaaS platforms with scalable architecture."
"Does Mobiloitte offer custom API development?","Yes, Mobiloitte builds secure and scalable APIs for different platforms."
"Can Mobiloitte develop NFT marketplaces?","Yes, Mobiloitte specializes in developing NFT marketplaces with blockchain integration."
"Does Mobiloitte handle cybersecurity services?","Yes, Mobiloitte offers cybersecurity solutions, including compliance and asset protection."
"Does Mobiloitte provide real-time analytics solutions?","Yes, Mobiloitte develops real-time analytics platforms using AI and big data."
"Can Mobiloitte work on existing projects?","Yes, Mobiloitte can take over and enhance ongoing or incomplete projects."
"Does Mobiloitte offer AR/VR solutions?","Yes, Mobiloitte develops AR/VR solutions for gaming, retail, and education."
"Can Mobiloitte create multi-language applications?","Yes, Mobiloitte develops applications with multi-language support."
"Does Mobiloitte offer training on AI tools?","Yes, Mobiloitte provides AI training and workshops for businesses."
"Can Mobiloitte help with blockchain security audits?","Yes, Mobiloitte conducts blockchain security audits to identify and fix vulnerabilities."
"Does Mobiloitte build healthcare software?","Yes, Mobiloitte develops healthcare apps with HIPAA-compliant features."
"Can Mobiloitte integrate IoT with blockchain?","Yes, Mobiloitte can integrate IoT devices with blockchain for secure data handling."
"Does Mobiloitte provide API documentation?","Yes, Mobiloitte delivers complete API documentation for developers."
"Does Mobiloitte offer predictive analytics?","Yes, Mobiloitte builds predictive analytics models for business insights."
"Does Mobiloitte create gaming leaderboards?","Yes, Mobiloitte can develop custom gaming leaderboards with real-time updates."
"Can Mobiloitte build e-learning platforms?","Yes, Mobiloitte develops interactive and AI-powered e-learning platforms."
"Does Mobiloitte support government digital transformation?","Yes, Mobiloitte provides specialized digital solutions for government agencies."
"Can Mobiloitte create crypto wallets?","Yes, Mobiloitte develops secure multi-currency crypto wallets."
"Does Mobiloitte provide QA testing?","Yes, Mobiloitte offers manual and automated testing services."
"Can Mobiloitte build cross-chain blockchain apps?","Yes, Mobiloitte develops cross-chain blockchain applications."
"Does Mobiloitte offer cloud cost optimization?","Yes, Mobiloitte helps reduce cloud costs with resource optimization strategies."
"Can Mobiloitte create location-based apps?","Yes, Mobiloitte builds GPS-enabled and geofencing applications."
"Does Mobiloitte develop B2B marketplaces?","Yes, Mobiloitte creates B2B marketplace platforms with secure transactions."
"Can Mobiloitte help with IoT predictive maintenance?","Yes, Mobiloitte builds IoT solutions for predictive maintenance in industries."
"Does Mobiloitte provide AI-powered customer support tools?","Yes, Mobiloitte develops AI-based customer support automation systems."
"Does Mobiloitte build hybrid apps?","Yes, Mobiloitte develops hybrid apps combining native and web features."
"Does Mobiloitte offer big data solutions?","Yes, Mobiloitte builds big data platforms for processing large-scale data."
"Can Mobiloitte build smart contracts?","Yes, Mobiloitte develops smart contracts for blockchain platforms."
"Does Mobiloitte provide system integration?","Yes, Mobiloitte offers enterprise system integration services."
"Can Mobiloitte create subscription-based apps?","Yes, Mobiloitte develops apps with subscription and billing features."
"Does Mobiloitte provide cloud backup solutions?","Yes, Mobiloitte offers secure cloud backup and disaster recovery solutions."
"Does Mobiloitte handle IoT security?","Yes, Mobiloitte ensures IoT security with encryption and blockchain."
"Does Mobiloitte offer white-label software solutions?","Yes, Mobiloitte delivers white-label software products for reselling."
"Can Mobiloitte develop AI-powered fraud detection?","Yes, Mobiloitte builds AI systems for fraud detection and prevention."
"Does Mobiloitte support agile development?","Yes, Mobiloitte follows agile methodologies for project delivery."
"Can Mobiloitte build custom dashboards?","Yes, Mobiloitte develops interactive dashboards for real-time monitoring."
"What industries does Mobiloitte serve?","Mobiloitte serves industries such as healthcare, finance, e-commerce, education, manufacturing, real estate, gaming, and government sectors."
"Can Mobiloitte integrate AI with existing business systems?","Yes, Mobiloitte can seamlessly integrate AI solutions into existing enterprise systems for automation and enhanced decision-making."
"Does Mobiloitte provide end-to-end blockchain solutions?","Yes, Mobiloitte offers complete blockchain services from smart contract development to security audits and deployment."
"Does Mobiloitte build cross-platform mobile applications?","Yes, Mobiloitte develops both native and cross-platform mobile apps for Android and iOS."
"Does Mobiloitte offer game development services?","Yes, Mobiloitte develops AR/VR, NFT-based, and Play-to-Earn games for multiple platforms."
"Can Mobiloitte help migrate my applications to the cloud?","Yes, Mobiloitte offers cloud migration services for AWS, Azure, and Google Cloud."
"Does Mobiloitte provide DevOps automation?","Yes, Mobiloitte provides CI/CD, GitOps, and infrastructure automation for faster deployments."
"Does Mobiloitte offer IoT device integration?","Yes, Mobiloitte provides IoT device integration with AI-powered analytics and automation."
"Does Mobiloitte provide SEO services?","Yes, Mobiloitte offers SEO, AEO, and other digital marketing services to boost online presence."
"Can Mobiloitte help in metaverse real estate projects?","Yes, Mobiloitte develops metaverse real estate solutions, including virtual land and avatar creation."
"Does Mobiloitte offer staff augmentation?","Yes, Mobiloitte provides on-demand, pre-vetted IT professionals for short-term or long-term projects."
"Can Mobiloitte build SAP-integrated apps?","Yes, Mobiloitte develops SAP-integrated applications with cloud and AI capabilities."
"Does Mobiloitte support low-code development?","Yes, Mobiloitte offers low-code/no-code solutions for rapid application delivery."
"Does Mobiloitte offer AI chatbot development?","Yes, Mobiloitte develops custom AI-powered chatbots for various industries."
"Can Mobiloitte integrate payment gateways in apps?","Yes, Mobiloitte integrates payment gateways like Stripe, PayPal, and custom banking APIs."
"Does Mobiloitte offer UI/UX design services?","Yes, Mobiloitte provides professional UI/UX design for web, mobile, and software solutions."
"Does Mobiloitte build SaaS platforms?","Yes, Mobiloitte develops SaaS platforms with scalable architecture."
"Does Mobiloitte offer custom API development?","Yes, Mobiloitte builds secure and scalable APIs for different platforms."
"Can Mobiloitte develop NFT marketplaces?","Yes, Mobiloitte specializes in developing NFT marketplaces with blockchain integration."
"Does Mobiloitte handle cybersecurity services?","Yes, Mobiloitte offers cybersecurity solutions, including compliance and asset protection."
"Does Mobiloitte provide real-time analytics solutions?","Yes, Mobiloitte develops real-time analytics platforms using AI and big data."
"Can Mobiloitte work on existing projects?","Yes, Mobiloitte can take over and enhance ongoing or incomplete projects."
"Does Mobiloitte offer AR/VR solutions?","Yes, Mobiloitte develops AR/VR solutions for gaming, retail, and education."
"Can Mobiloitte create multi-language applications?","Yes, Mobiloitte develops applications with multi-language support."
"Does Mobiloitte offer training on AI tools?","Yes, Mobiloitte provides AI training and workshops for businesses."
"Can Mobiloitte help with blockchain security audits?","Yes, Mobiloitte conducts blockchain security audits to identify and fix vulnerabilities."
"Does Mobiloitte build healthcare software?","Yes, Mobiloitte develops healthcare apps with HIPAA-compliant features."
"Can Mobiloitte integrate IoT with blockchain?","Yes, Mobiloitte can integrate IoT devices with blockchain for secure data handling."
"Does Mobiloitte provide API documentation?","Yes, Mobiloitte delivers complete API documentation for developers."
"Does Mobiloitte offer predictive analytics?","Yes, Mobiloitte builds predictive analytics models for business insights."
"Does Mobiloitte create gaming leaderboards?","Yes, Mobiloitte can develop custom gaming leaderboards with real-time updates."
"Can Mobiloitte build e-learning platforms?","Yes, Mobiloitte develops interactive and AI-powered e-learning platforms."
"Does Mobiloitte support government digital transformation?","Yes, Mobiloitte provides specialized digital solutions for government agencies."
"Can Mobiloitte create crypto wallets?","Yes, Mobiloitte develops secure multi-currency crypto wallets."
"Does Mobiloitte provide QA testing?","Yes, Mobiloitte offers manual and automated testing services."
"Can Mobiloitte build cross-chain blockchain apps?","Yes, Mobiloitte develops cross-chain blockchain applications."
"Does Mobiloitte offer cloud cost optimization?","Yes, Mobiloitte helps reduce cloud costs with resource optimization strategies."
"Can Mobiloitte create location-based apps?","Yes, Mobiloitte builds GPS-enabled and geofencing applications."
"Does Mobiloitte develop B2B marketplaces?","Yes, Mobiloitte creates B2B marketplace platforms with secure transactions."
"Can Mobiloitte help with IoT predictive maintenance?","Yes, Mobiloitte builds IoT solutions for predictive maintenance in industries."
"Does Mobiloitte provide AI-powered customer support tools?","Yes, Mobiloitte develops AI-based customer support automation systems."
"Does Mobiloitte build hybrid apps?","Yes, Mobiloitte develops hybrid apps combining native and web features."
"Does Mobiloitte offer big data solutions?","Yes, Mobiloitte builds big data platforms for processing large-scale data."
"Can Mobiloitte build smart contracts?","Yes, Mobiloitte develops smart contracts for blockchain platforms."
"Does Mobiloitte provide system integration?","Yes, Mobiloitte offers enterprise system integration services."
"Can Mobiloitte create subscription-based apps?","Yes, Mobiloitte develops apps with subscription and billing features."
"Does Mobiloitte provide cloud backup solutions?","Yes, Mobiloitte offers secure cloud backup and disaster recovery solutions."
"Does Mobiloitte handle IoT security?","Yes, Mobiloitte ensures IoT security with encryption and blockchain."
"Does Mobiloitte offer white-label software solutions?","Yes, Mobiloitte delivers white-label software products for reselling."
"Can Mobiloitte develop AI-powered fraud detection?","Yes, Mobiloitte builds AI systems for fraud detection and prevention."
"Does Mobiloitte support agile development?","Yes, Mobiloitte follows agile methodologies for project delivery."
"Can Mobiloitte build custom dashboards?","Yes, Mobiloitte develops interactive dashboards for real-time monitoring."