question,answer,audience,category,tags
"What services does Mobiloitte provide?","Mobiloitte Technologies India Pvt. Ltd. offers comprehensive AI development services including Generative AI Development (using OpenAI, Gemini, Meta.AI models), Traditional AI Solutions (predictive analytics, chatbots, virtual assistants), AI Integration Services (MLOps, Databricks, TensorFlow, AWS AI), AI for Blockchain Applications (fraud detection, smart contract optimization), and AI for Web and Mobile Apps (personalization, dynamic interfaces). With over 15 years of experience, Mobiloitte delivers custom AI solutions tailored to specific business needs.","public","Services","services,AI,offerings"
"What is Generative AI Development?","Generative AI Development services leverage advanced AI models from OpenAI, Gemini, and Meta.AI to enable businesses to create unique content, designs, and solutions. These services enhance personalization and improve customer experiences by generating tailored interactions and high-quality content.","public","Services","generative AI,content creation,personalization"
"What are Traditional AI Solutions?","Traditional AI Solutions include AI models that streamline business processes, reduce manual work, and boost efficiency. Mobiloitte provides predictive analytics capabilities for data-driven decision-making, along with AI-powered chatbots and virtual assistants that simplify tasks and manage customer interactions effectively.","public","Services","traditional AI,predictive analytics,chatbots"
"What is AI Integration Services?","AI Integration Services ensure seamless incorporation of AI into existing infrastructures, automating processes and enhancing efficiency. Mobiloitte utilizes MLOps and platforms like Databricks, TensorFlow, and AWS AI to optimize deployment, monitoring, and scalability for predictive analytics and AI-driven decisions.","public","Services","integration,MLOps,deployment"
"How does Mobiloitte use AI for Blockchain?","Mobiloitte integrates AI-driven analytics and automation to enhance blockchain efficiency and accuracy. Their services include AI-powered fraud detection, anomaly detection, and optimization of smart contracts to predict trends and automate transactions.","public","Services","blockchain,AI,fraud detection"
"What AI services are available for Web and Mobile Apps?","Mobiloitte enhances user experiences in web and mobile applications by integrating AI-driven personalization, dynamic interfaces, and automated support through AI chatbots. They also employ predictive analytics and real-time insights to optimize performance and responsiveness.","public","Services","web development,mobile apps,personalization"
"How many years of experience does Mobiloitte have?","Mobiloitte has over 15 years of experience in delivering AI-driven projects across various industries, offering custom AI solutions tailored to specific business needs.","public","Company","experience,history"
"What industries does Mobiloitte serve?","Mobiloitte has successfully delivered AI-driven projects across various industries, offering custom AI solutions tailored to specific business needs. Their expertise spans multiple sectors requiring intelligent automation and AI integration.","public","Company","industries,clients"
"What technologies does Mobiloitte use for AI?","Mobiloitte utilizes advanced technologies including OpenAI, Gemini, Meta.AI models for Generative AI, along with MLOps platforms like Databricks, TensorFlow, and AWS AI for integration and deployment. They also work with blockchain technologies for AI-powered solutions.","public","Technology","technologies,platforms,tools"
"How can I contact Mobiloitte?","You can contact Mobiloitte through their official website at mobiloitte.com. They offer comprehensive AI development services and custom solutions for businesses looking to integrate AI into their operations.","public","Contact","contact,support,website"
